{"mean": [99.41128291887483, 4396.454667753771, 8725.689849164288, 5593.3057888300045, 4412.878516102732, 344.43832042397065, 21.40770485120261, 1263.3507134121485, 1572.3600489196901, 1543.5206278026906, 116.71418671015084, 1098.7215654300855, 194.82409294741134, 109.57912759885853, 7658.725275173258, 749.1404402772116, 2391.2479412963717, 11848.395067264573], "std": [64.830236727117, 345.172471000616, 3509.6397841091743, 2467.92499825975, 3458.6618657847416, 75.48489026236292, 6.360201443706801, 1722.288671929975, 1902.9472208654204, 311.65680817991, 81.31975738913238, 1332.0912925744335, 60.066323569138454, 27.99661248022956, 10760.192781420785, 126.94197762030612, 1717.68648682489, 9653.56810117776]}