{"mean": [325.8118236998776, 3801.631403168806, 653.5957036594539, 226.69333265991986, 4651.138521986516, 1783.5430765065478, 43101.86928097629, 1154.0084199923238, 208.35230564741008, 3141.187893245989], "std": [87.13279127814, 2453.537622711403, 739.6459078795493, 213.49529955574226, 1485.2744051805487, 1118.3928715319898, 6988.28730564165, 1636.1462303204335, 52.60738894168952, 2426.1543315563194]}